{"AR/IoU/0.50-0.95/large/100": 0.664398334636723, "epoch": 24, "_timestamp": 1683047574.6685982, "_runtime": 1655.8441081047058, "_step": 1449}