{"loss": 0.8916406631469727, "lr": 0.0005, "_timestamp": 1683045619.6369042, "_runtime": 244.52757024765015, "_step": 173, "AP/IoU/0.50-0.95/all/100": 0.11909242314294702, "epoch": 2, "AP/IoU/0.50/all/100": 0.25739906190174106, "AP/IoU/0.75/all/100": 0.09984775719838816, "AP/IoU/0.50-0.95/small/100": 0.0, "AP/IoU/0.50-0.95/medium/100": 0.1297151252135878, "AP/IoU/0.50-0.95/large/100": 0.12947492536493424, "AR/IoU/0.50-0.95/all/1": 0.300323794495374, "AR/IoU/0.50-0.95/all/10": 0.40574923436881166, "AR/IoU/0.50-0.95/all/100": 0.4254498378840703, "AR/IoU/0.50-0.95/small/100": 0.0, "AR/IoU/0.50-0.95/medium/100": 0.27697728516694037, "AR/IoU/0.50-0.95/large/100": 0.43620883924730536, "_wandb": {"runtime": 245}}