{"loss": 0.6712744832038879, "lr": 0.0005, "_timestamp": 1683031353.5141451, "_runtime": 188.71299409866333, "_step": 137}